gene,pooled_rho
TNFRSF18,0.1582447402659249
TNFRSF4,0.2534412240900736
AURKAIP1,0.1942218890185079
CCNL2,-0.1397806557851115
SSU72,0.109364662022788
CDK11B,-0.1106390221386781
CDK11A,-0.105859249780154
RER1,0.19325257977814
RPL22,-0.2499326790193698
NOL9,-0.1580183840433052
CAMTA1,0.1420404513813284
UTS2,0.1864220098706856
PARK7,0.1867488555803566
RERE,-0.1560157326601148
ENO1,0.1777652682922369
CA6,0.1289246793936256
SLC25A33,-0.2138394161814768
PIK3CD,-0.1974920874325385
FBXO6,0.1148545844363909
TNFRSF1B,0.1381698438923431
SPEN,-0.1453927804825097
SDHB,0.1428479495304162
PADI4,-0.1869711926674138
UBR4,-0.1414908522060049
MICOS10,0.1752088118355227
CAMK2N1,0.1559058024241881
DDOST,0.1355265385609047
ZBTB40,-0.1361844536313962
LUZP1,-0.1039038041978835
SRSF10,-0.196378175653009
RCAN3,-0.2032016302354989
TMEM50A,0.2403753730367538
MACO1,-0.1342304421343051
LDLRAP1,-0.117143634623811
MAN1C1,-0.1016555219490893
SH3BGRL3,0.3481838731432611
UBXN11,0.2513121249253945
CD52,0.1783444628081671
ARID1A,-0.140530971406305
WASF2,-0.2017708845348141
IFI6,-0.1107174465313672
ATP5IF1,0.114827614660972
TAF12,0.1516651661742913
EPB41,-0.325373507752331
LAPTM5,-0.1226886094775636
PUM1,-0.176892831994307
MARCKSL1,-0.247864075519335
ZBTB8OS,0.1491778602642557
TMEM35B,0.1052234960921732
SFPQ,-0.1566680869615262
ZMYM4,-0.1557708686534436
KIAA0319L,-0.1594491304589578
PSMB2,0.2411950361071962
AGO3,-0.1450662478140074
TRAPPC3,0.1149942309422096
LSM10,0.1539636316213689
MEAF6,0.1570857249942309
RRAGC,0.1100462050249115
AKIRIN1,-0.1403813896004836
NDUFS5,0.103483168017896
PPIE,0.1190989011894616
RLF,-0.167313691021371
FOXJ3,-0.1635554014512567
PPCS,0.1404748352980846
ELOVL1,0.1655104956723302
ATP6V0B,0.2070568566793603
TOE1,-0.1706930432689275
PRDX1,0.246764207401709
TXNDC12,0.2047323873320941
TUT4,-0.2163856419207617
SCP2,0.2230960283391084
TMEM59,0.2432393190937451
MYSM1,-0.1407358480236775
HOOK1,-0.1792280788147017
CACHD1,-0.4502417360448446
JAK1,-0.2399305070820549
MIER1,-0.177808281169627
SERBP1,-0.2190183241117204
SRSF11,-0.1611850353021378
ANKRD13C,-0.1120860005220269
ZRANB2,-0.1689741895999964
AK5,-0.2085879334136663
USP33,-0.1455432286355699
FUBP1,-0.1435067900621526
IFI44L,-0.1099784920950439
PRKACB,-0.2647172642239374
GNG5,0.1858429002088949
MCOLN2,0.1148551386071654
SELENOF,0.1330449014147952
PKN2,-0.1550301609583882
GBP1,0.1207350992184708
GBP2,0.1224202136511315
ZNF326,-0.1678202791566558
ZNF644,-0.1300893528532931
TMED5,0.1550755798854197
PTBP2,-0.1494919639430396
DPH5,-0.1319368053490149
RNPC3,-0.1056071199370809
PRPF38B,-0.1186078599195021
PSMA5,0.2091338516209832
GSTM2,-0.1202492905737781
CSF1,0.1448287245333508
LAMTOR5,0.149963711537671
CD53,0.1193498448543319
CEPT1,-0.1611390488149264
DENND2D,-0.1433774089476219
CHI3L2,-0.2793546107992676
ATP5PB,0.1998375304306747
C1orf162,0.3223700874408954
CAPZA1,0.1372004056773861
RHOC,0.2210095903232776
HIPK1,-0.1415788879562641
TRIM33,-0.1305106165002166
TSPAN2,0.2998108475017375
ATP1A1,0.1353555516869934
CD58,0.2623326006641292
CD2,0.1914982182247477
POLR3GL,0.2364860729437881
VPS45,0.1625796719819369
RPRD2,-0.1232659920461173
PSMD4,0.1983764948885152
S100A10,0.3322583490112631
S100A11,0.2862791406804414
S100A6,0.3842489232522822
S100A4,0.3720409445216835
GATAD2B,-0.1123728208590594
JTB,0.174374444195524
C1orf43,0.120132452109464
HAX1,0.1588716770419904
ADAR,-0.126408313226897
PMVK,0.1883287914438439
DPM3,0.1750433072227142
KRTCAP2,0.2121096612562062
FDPS,0.1680587033565048
ASH1L,-0.122630985863194
GON4L,-0.122593509021031
SYT11,0.2325185334356631
SSR2,0.1860815188658232
LAMTOR2,0.1708128773735408
LMNA,0.1514694354989123
PMF1,0.1973297298856189
ISG20L2,-0.1077931784167628
SH2D2A,0.2079678083474415
FCRL3,-0.1435549356584615
FCRL1,-0.1026203778624389
PYHIN1,0.2554442640462037
AIM2,0.1056565232332106
DUSP23,0.1890645589167097
TAGLN2,0.1843902193048343
ARHGAP30,-0.1032966168117954
PFDN2,0.1876012164112259
UFC1,0.1208560601995419
FCER1G,-0.1197452341244209
SDHC,0.1704970847585625
ATF6,-0.1327616956650613
MGST3,0.2919352243497162
TMCO1,0.1694269482285488
GPA33,-0.2563899533949032
CD247,-0.1510788064931029
RCSD1,-0.1366706330296699
MPC2,0.1130624823995
SELL,-0.1486395496006302
PRRC2C,-0.1338049369905216
SUCO,-0.1024405721268188
PRDX6,0.1852402653207162
RC3H1,-0.2171326256996567
RALGPS2,-0.2168705140597028
TOR3A,0.1379036300463532
XPR1,-0.1727169709515635
RGS16,0.1147761414993122
DHX9,-0.1739648112911403
SMG7,-0.1822877260465486
EDEM3,-0.1080738163581302
IVNS1ABP,-0.1292871303532804
CFH,0.1663716125572596
CSRP1,0.1395866184120968
PTPN7,0.1904687469134652
ADIPOR1,0.1186134631657657
MDM4,-0.1967626917752213
NUAK2,-0.1294076875873575
ELK4,-0.1400414749735311
RASSF5,-0.2083990490716725
FCMR,-0.2972670438372872
CD55,-0.2072978887249337
CAPN2,0.2165314627599601
DEGS1,0.1383762858998045
TMEM63A,-0.1355247344222922
PYCR2,0.1167047537277441
SDE2,-0.1075403146214331
ITPKB,-0.138260447605111
ARF1,0.1713825602788818
GUK1,0.2284959470049138
DISC1,-0.1527105518614611
TARBP1,-0.1299934484874544
IRF2BP2,-0.1147883023924924
LYST,-0.1302899933501167
GREM2,0.4501039913384724
SDCCAG8,-0.1362356606935511
CNST,-0.2081861562204896
RNASEH1,-0.1171985397071338
CMPK2,-0.1210899851397819
RSAD2,-0.121055642137413
RNF144A,-0.2608226009879179
ID2,-0.20468376782536
KIDINS220,-0.1252337857561663
IAH1,0.2452801473908603
YWHAQ,0.2019000849097803
PDIA6,0.1750362430247699
SLC66A3,0.2535922471325398
LAPTM4A,0.1727311817414628
PUM2,-0.1844541651348368
ATAD2B,-0.1454307005760024
SF3B6,0.1203946615284108
PTRHD1,0.1332136824539455
DNMT3A,-0.2441374471335602
ASXL2,-0.1121308273609512
OST4,0.1883276793677443
SLC5A6,-0.1476299145992058
ATRAID,0.2438315354025441
SNX17,0.137142834882753
MRPL33,0.1034555556452155
WDR43,-0.2427324324241232
LBH,-0.2718952141183386
LCLAT1,-0.1041972836664703
DPY30,0.1511678346595506
YIPF4,-0.1059768909987636
BIRC6,-0.1562167190059951
HEATR5B,-0.1122590878725953
EIF2AK2,-0.1367408137373584
CEBPZ,-0.1456237997803441
HNRNPLL,0.2606700799404539
GALM,0.1779914953408767
MTA3,-0.2902726862941844
PPM1B,-0.1392684640448821
PREPL,-0.1184556858357405
TTC7A,-0.1118447628778352
CALM2,0.2024438384867325
MSH2,-0.1962939694061832
FBXO11,-0.1514963181094788
PSME4,-0.2241410041022998
SPTBN1,-0.2045148735877356
CFAP36,0.1657225913239209
PPP4R3B,-0.1245216943263537
BCL11A,-0.2724397513164806
USP34,-0.1377638379227427
XPO1,-0.1053318282674715
B3GNT2,-0.1046181055616193
MDH1,0.1845335129446966
UGP2,0.3367692532364324
SERTAD2,-0.3106135332454291
AAK1,-0.2614679683802258
ANXA4,0.2133946360162682
PCBP1,0.1068709935033908
SNRPG,0.1443801755530655
ZNF638,-0.1454904672086187
CCT7,0.1243444075498411
ALMS1,-0.1244358344273254
DGUOK,0.2018514759728732
MTHFD2,0.1469205525247262
WDR54,0.1405449371899428
AUP1,0.1352488075855536
POLE4,0.2058410101438409
DNAH6,-0.1558137143022326
TRABD2A,-0.1807166100524714
CAPG,0.257347637021322
VAMP8,0.2590606627876085
VAMP5,0.1991671331344859
RNF181,0.2445909875734148
KDM3A,-0.2121528461766273
CHMP3,-0.1576486872964954
KRCC1,0.1551314900694508
RPIA,-0.1361640725009261
ITPRIPL1,0.1856553124277902
NCAPH,0.1892525747987821
ANKRD39,0.1868767662888804
COX5B,0.1946191988768656
INPP4A,-0.184339790771508
MGAT4A,-0.1267218182511482
AFF3,-0.4827976456532503
MAP4K4,-0.1141180299702146
EDAR,-0.2786022070321485
SH3RF3,-0.2537607408407172
MTLN,0.1256097612141934
CCDC93,-0.1378469442740518
DBI,0.185854582658924
NIFK,-0.1010407066030796
TSN,-0.1008745461291254
GYPC,-0.2492180616703868
MAP3K2,-0.1616479203316902
WDR33,-0.1171929892653228
CCDC115,0.2113045559434642
MGAT5,-0.1853488707925436
CCNT2,-0.1388279944612839
RAB3GAP1,-0.1684558895986627
ARHGAP15,0.1279099599536138
MBD5,-0.1028158145030957
EPC2,-0.1204499521682864
RIF1,-0.1327883055526994
ARL5A,0.1152653595260517
ARL6IP6,0.2391848530664543
BAZ2B,-0.1271087007879629
PSMD14,0.1220816166767945
SLC4A10,-0.1200755570142243
DPP4,0.1822194085946426
CERS6,-0.2884439478879849
SSB,0.1460004201119183
METTL5,0.1522731993050894
UBR3,-0.1323243746342332
ITGA6,-0.2689571431454751
PDK1,-0.2673418236656411
SP3,-0.1728862616867578
OLA1,-0.1432927730591086
CHN1,0.3472037641698269
ITGA4,-0.1492389663919494
ZC3H15,-0.1069527092199105
STAT4,0.2144385208005697
ANKRD44,-0.2042454753822893
SF3B1,-0.1718552384533356
HSPE1,0.1248431816013482
NDUFB3,0.1481921630745907
SUMO1,0.1051363530435453
FAM117B,-0.3349108863489866
ICA1L,-0.2572411951894893
CTLA4,0.1597359908836205
INO80D,-0.1390047795188903
EEF1B2,-0.1429225225177384
ZDBF2,-0.2130981117617036
KLF7,-0.1539127726771567
IKZF2,-0.1346060445605768
RPL37A,-0.2055468073375967
ARPC2,0.1206911772317733
TMBIM1,0.1235241686475763
WNT10A,0.3177192351792126
CNPPD1,0.204581889191488
EPHA4,-0.1699579373084232
SERPINE2,-0.450842496508664
CUL3,-0.1661355036415841
TRIP12,-0.1398031373283055
SP110,-0.1167486744662588
NCL,-0.1815323965378892
INPP5D,-0.1458819741929591
DGKD,-0.203193959436234
MTERF4,-0.2391554556998824
IL5RA,0.1151163176311487
BHLHE40,0.1454711981007556
SETD5,-0.145770083327706
BRK1,0.1465423701207565
NUP210,-0.1015638432851886
NR2C2,-0.1185487002952169
MRPS25,-0.1834539401896561
CAPN7,-0.1460160710209052
SH3BP5,0.2461139862266048
COLQ,-0.115325452751073
BTD,0.2214478260346971
DPH3,0.1528576569813861
OXNAD1,-0.2618281207802223
PLCL2,-0.1207046355488704
SATB1,-0.387287332080362
RAB5A,-0.1017710225267463
UBE2E2,-0.3522699474902614
TOP2B,-0.1313810127507819
RBMS3,-0.1137232408421307
TGFBR2,-0.3822160049702548
CMTM6,0.1353408028223547
GLB1,0.1382028435551596
CTDSPL,-0.1420599766941317
PLCD1,0.1258331156735446
SS18L2,0.1801932346941418
HIGD1A,0.1560688529899541
SNRK,-0.2504064139991739
CCDC12,-0.1297466530671523
SETD2,-0.1750082957232437
SMARCC1,-0.1370156894721313
TMA7,0.1215601644121832
UQCRC1,0.1449239582978204
ARIH2,-0.1257824107700064
IMPDH2,-0.1000540739673997
QRICH1,-0.1668755019659305
RBM5,-0.1709442311643258
CISH,0.1946757837008141
MAPKAPK3,0.1609860267337561
MANF,0.223228656791904
TEX264,0.2176313236580281
PCBP4,0.2489820094614558
ABHD14A,0.2568974333348995
RPL29,-0.1345546920058882
TWF2,0.1475323946506384
WDR82,-0.1701875366600933
GNL3,-0.1621344706468581
SPCS1,0.2402465651026272
TKT,-0.2115829294138108
DENND6A,-0.159845127498423
SLMAP,-0.1319347419465117
FLNB,-0.4089617073565876
ATXN7,-0.1701889693079297
ARL6IP5,0.3063833309518198
FRMD4B,0.2290991545186266
FOXP1,-0.2422943646804223
RYBP,-0.1967810666962562
CHMP2B,0.1462185977399983
CLDND1,0.1614836026204212
SENP7,-0.2142710462147222
ZBTB11,-0.1263759862043507
RPL24,-0.1111283222952452
CBLB,-0.1232888798237573
GCSAM,0.1046671356100735
TIGIT,0.2263467068690752
ZBTB20,-0.1340442192886054
COX17,0.2184698767649787
NDUFB4,0.1484249466366006
ZNF148,-0.1270320717492875
RAB43,-0.1516644033705155
CNBP,0.1773389780905589
PLXND1,-0.1232089032468388
RYK,-0.136819065959184
MSL2,-0.1714578434281402
STAG1,-0.1182589933355107
SLC25A36,-0.1494279061506121
PXYLP1,-0.2508173855804168
RASA2,-0.292195474276391
TFDP2,-0.3229493986614861
XRN1,-0.1137297957818154
ATR,-0.1205712723217794
U2SURP,-0.128737802990627
PLSCR1,-0.1499070679537266
GYG1,0.2178441552730192
TSC22D2,-0.1626349427553859
EIF2A,-0.1415973915550055
GPR171,0.1660280689645123
DHX36,-0.1590227791969169
MLF1,0.1923769515463401
SMC4,-0.137480681293092
KPNA4,-0.1894376611069151
GPR160,-0.1834575314138286
PHC3,-0.1921140760463003
SKIL,-0.1763895788482521
TNIK,-0.150160816845717
TNFSF10,0.1130648969045296
TBL1XR1,-0.1532290188324528
PIK3CA,-0.1677671453666449
NDUFB5,0.1978874011718649
TTC14,-0.1672145913857419
ATP11B,-0.1235168624849264
LAMP3,-0.1125141438941775
KLHL6,-0.2438868028880499
KLHL24,-0.1759935803079738
AP2M1,0.1332313451200587
EIF4G1,-0.1300589743903863
VPS8,-0.2290360704487612
RPL39L,0.1739319501311083
TPRG1,0.1422808320864276
CCDC50,-0.1269414951970092
MB21D2,0.2806816921067554
ACAP2,-0.1381181687144932
PPP1R2,-0.1344037355933709
UBXN7,-0.1553286935506827
DLG1,-0.1185948251261866
BDH1,-0.1411032267705709
FYTTD1,-0.2117640433044816
ZNF141,-0.1622463725758577
SLBP,0.1346481414320155
ZFYVE28,0.1895079439682565
ADD1,-0.1141888720614135
MFSD10,0.2814491575576111
LRPAP1,0.1704854939255055
JAKMIP1,0.2231695678416562
CD38,-0.2419275857761368
SEL1L3,0.1291232534051747
RBPJ,0.1209581035843041
STIM2,-0.1518967885952041
ARAP2,-0.1173816484728369
RELL1,-0.143093902634911
KLF3,-0.2279960714245277
RPL9,-0.1397157784955711
PDS5A,-0.1084590051793089
ATP8A1,-0.2510648221261917
COMMD8,0.1466771601931739
TXK,-0.2428649566219909
USP46,0.1338952274652423
SCFD2,-0.1239374336437325
PAICS,-0.1398437135311465
REST,-0.1258710246175745
CENPC,-0.139226356893305
YTHDC1,-0.1732365289170463
SULT1B1,-0.3283155750966776
GRSF1,-0.1625246726804272
ANKRD17,-0.1385926159962557
NAAA,0.110516245022503
CNOT6L,-0.1486831236021287
BMP2K,-0.2524549198319
RASGEF1B,-0.1560387711968077
HNRNPDL,-0.1854605327464544
PLAC8,-0.3280558466595882
ABRAXAS1,-0.1708930710544529
HERC3,-0.127042836753798
FAM13A,0.2413586411576239
HPGDS,-0.1034038175786593
TSPAN5,0.1492735405266224
PPP3CA,0.1178014664993675
SLC39A8,0.1876963145784876
CISD2,0.1106670100838232
TET2,-0.1377832002371903
PPA2,0.160444699331876
LEF1,-0.2639400900193633
C4orf3,0.1862577206644514
ANXA5,0.2420105763393482
JADE1,-0.124403169947101
SCLT1,-0.1299816486808748
NOCT,-0.1442091182432151
MAML3,-0.2976297338420193
IL15,0.2146481176036825
INPP4B,0.2114421015972857
USP38,-0.1924074448526677
SMARCA5,-0.1226707049956421
ABCE1,-0.2326799062782122
OTUD4,-0.1506452638290079
LRBA,-0.1416115426919891
RPS3A,-0.1929508774471844
SH3D19,-0.1107858338112091
TRIM2,0.1858194281341533
TMEM131L,-0.2287128939984833
RNF175,-0.1671891918095468
RAPGEF2,-0.1034744854309453
NAF1,-0.1019168601132033
NEK1,-0.1268121023399238
SAP30,0.1394165610603466
HPGD,-0.2156035014257446
CDKN2AIP,-0.1981688614812031
SNX25,-0.1152982810896151
SDHA,0.1035515481337684
NDUFS6,0.1162053201260452
RETREG1,-0.2731989676267762
SUB1,0.1785566364911064
IL7R,-0.1212524494619329
NIPBL,-0.1373588235648462
WDR70,-0.1116444793561299
RICTOR,-0.1855700922927462
FYB1,-0.2901027749509234
RPL37,-0.194467641008032
OXCT1,-0.1047190794897773
ZNF131,-0.1681959340779034
SNX18,-0.1777046396366219
GZMK,0.2008724923389255
GZMA,0.1814760936461061
IL6ST,-0.303781978308685
ANKRD55,-0.1287695541105424
PLK2,-0.1076027842875343
PDE4D,-0.1551882731641257
ERBIN,-0.1951358688336312
SREK1,-0.1965363597968777
PIK3R1,0.1238159053272256
HEXB,0.1341591942902956
TBCA,0.184011289119231
AP3B1,-0.1141860940746403
JMY,-0.1389327868976692
TENT2,-0.126086228482264
SERINC5,-0.2054730040875488
MSH3,-0.1080996099158015
RASGRF2,-0.1114598963577039
SSBP2,-0.2147581584784089
RPS23,-0.2318747059721965
RASA1,-0.1132678912377116
SLF1,0.1174806037722875
ELL2,-0.1195213446828524
LNPEP,-0.157157045395943
PPIP5K2,-0.1663818527916604
MAN2A1,-0.1087378677183708
CAMK4,-0.3506589950193819
NREP,-0.4692899776421131
SRP19,0.1366045330881719
REEP5,0.305177320245553
DCP2,-0.152650584009069
YTHDC2,-0.130739719397587
CDO1,0.1133824024019797
AP3S1,0.1853563773888569
SNX24,0.1211091504639981
CSNK1G3,-0.1536147093523337
HINT1,0.2927807324749778
RAPGEF6,-0.2119623074296401
FNIP1,-0.1277650251526387
TCF7,-0.2845083758221674
JADE2,-0.109946293299829
DDX46,-0.1447739271508423
FAM13B,-0.1301914635951392
CYSTM1,0.1450635019998684
ANKHD1,-0.1003355560117714
NDFIP1,-0.2834701875222939
ARHGAP26,-0.2158544235924062
TCERG1,-0.2071999539294871
PPP2R2B,0.1728243256981647
CSNK1A1,-0.131622877313514
ANXA6,0.1503850873261385
CCDC69,-0.2048483302018324
LARP1,-0.1454216725440854
CYFIP2,-0.1725614490669045
ADAM19,0.1466381184259222
CLINT1,-0.1335254976850859
PTTG1,0.2610121144758355
CCNG1,0.1658091686240253
MAT2B,0.1058886270552134
LCP2,-0.1608998213001993
NPM1,-0.132384904357368
ATP6V0E1,0.2594958950791376
THOC3,0.1675557794986938
HIGD2A,0.2830322559000009
CLTB,0.1595997087706917
NSD1,-0.2011655463209459
PRELID1,0.1258687284227523
LMAN2,0.2299828895949568
TMED9,0.1337995296167288
FAM153A,-0.1323944113897354
PHYKPL,-0.1013976731144372
LTC4S,0.1421523254475118
SERPINB1,0.126619204349651
NQO2,0.1185068994222386
LYRM4,-0.1024224707720306
RREB1,-0.2118341203378054
TMEM14C,0.1593812232864292
NEDD9,-0.1110661606980872
ADTRP,0.1280068493738378
NOL7,0.1188150997876744
JARID2,-0.1987046587367261
MYLIP,-0.1751164240049289
ATXN1,0.1317915697285561
NUP153,-0.1320301281645816
CDKAL1,-0.134503473142163
SOX4,-0.580519283108236
RIPOR2,-0.237955324673746
CARMIL1,-0.1305119686341987
HLA-A,0.1617865023098726
PPP1R11,0.1788952364019002
ABCF1,-0.1310867003636988
MRPS18B,0.124383374883951
PPP1R18,0.1295164235231696
MICB,0.1342843917339962
DDX39B,-0.1442568154322347
TNF,0.1171691575068283
LTB,0.2545294200708579
AIF1,-0.3297761317082455
CSNK2B,0.2001775680422183
CLIC1,0.3785518649927337
HSPA1A,0.1551296748414372
RNF5,0.1687661103611907
HLA-DRB1,0.1898303873301145
PSMB8,0.1866186602861028
PSMB9,0.2614517290741155
HLA-DPA1,0.2883292131440128
HLA-DPB1,0.2704001032486116
CUTA,0.295845451920333
SMIM29,0.2329286356116127
NUDT3,-0.1234500827299459
SNRPC,0.1303732181777266
ETV7,0.1212811407022023
KCTD20,-0.1507916199066336
STK38,-0.2713559021240124
SRSF3,-0.1242838233327529
PI16,0.2622781966974996
PIM1,0.1957987966545877
CCDC167,0.1313641049054523
BTBD9,-0.1042591827114869
CCND3,-0.2697837473698187
RPL7L1,-0.1663730854310807
MEA1,0.1806606319135678
PTK7,-0.3527883496179483
DNPH1,0.2172566216046846
MRPL14,0.1333505086411154
CLIC5,0.106121235851724
CD2AP,-0.1827046833175711
TMEM14A,0.2854694694874323
ZNF451,-0.1715470370391385
PHF3,-0.1420548920129514
SMAP1,0.1105648659206409
KCNQ5,-0.2720316358054266
COX7A2,0.1601477134995804
SENP6,-0.1388189188619613
PHIP,-0.113880676950313
TENT5A,-0.1352639457291443
SYNCRIP,-0.163917849488013
AKIRIN2,0.1045366117890274
CASP8AP2,0.1037879043395046
BACH2,-0.2796880677968676
FBXL4,-0.1243657498071433
PNISR,-0.1267870829355714
PRDM1,0.1817619578411848
SCML4,-0.1473572678010184
SEC63,-0.143142375947454
SNX3,0.1050835852464621
SESN1,-0.2613756654041857
AMD1,-0.1535240374600187
GTF3C6,0.153176900440215
SLC16A10,-0.3402409661685912
REV3L,-0.1174312000135305
FYN,-0.123430918265273
DSE,-0.1197794345388707
CEP85L,-0.133753778595245
ASF1A,0.1357344921990561
FAM184A,-0.1563183291872444
MAN1A1,-0.1123566985045611
HSF2,-0.2011313118458593
THEMIS,-0.1674929475021593
ARHGAP18,0.1270677606666279
TMEM200A,0.2176401137425258
MED23,-0.1822123265249712
HBS1L,-0.1133875478266836
PDE7B,-0.3057198067552729
BCLAF1,-0.1486919078200244
PERP,0.1518858637772526
HECA,-0.1292858826620647
HIVEP2,-0.1068233080399156
SF3B5,0.155245574850915
STX11,0.1154872680496917
UTRN,-0.1762852445728931
ZC3H12D,0.1585204747290274
LATS1,-0.1387293005843008
PCMT1,0.1888610673380472
SYNE1,-0.1075566163011251
IPCEF1,-0.3281846335222984
SCAF8,-0.1174613246896625
ARID1B,-0.1414111568177378
SNX9,-0.1666487814870021
MRPL18,0.1246492116776162
MAP3K4,-0.1584191159140646
MPC1,0.127152226317782
FAM120B,-0.1243644984543493
PSMB1,0.2140252442938015
PRKAR1B,-0.2390572044690662
C7orf50,0.2061784705094457
MAD1L1,-0.1171990766380094
CHST12,0.1340491584790565
FOXK1,-0.1405792749203749
WIPI2,-0.1323264618870257
ACTB,0.1935625624067393
RNF216,-0.1472657087733946
KDELR2,0.1586773181183504
RPA3,0.2543505567076167
ICA1,0.1111610790278622
NDUFA4,0.1893133386271462
PHF14,-0.1655180852715898
BZW2,-0.3005694136518744
CDCA7L,-0.4533482659057465
TRA2A,-0.11152235655377
EEPD1,0.1580927003705427
AOAH,-0.3194167091627667
ELMO1,-0.1167389209192408
PSMA2,0.1550189148118191
STK17A,-0.3201565639291782
COA1,-0.2352154181711215
BLVRA,0.223995388593061
AEBP1,-0.2076359144843645
MYO1G,0.1995381976132955
IGFBP3,0.3899562763541329
HUS1,-0.1200321826208957
IKZF1,-0.2216998353272883
SEC61G,0.1400888385603347
VOPP1,0.1679656881706883
CHCHD2,0.2197152925193842
ZNF736,-0.1872176586207336
ZNF92,-0.1608031475812359
TPST1,-0.1466182561723448
RABGEF1,-0.1107907966960181
AUTS2,-0.3161137733220203
POM121,-0.2008557086658007
GTF2I,-0.1397090654693508
TRIM73,-0.1447880836658145
RHBDD2,0.1574777073506402
TMEM120A,0.126765391890724
MDH2,0.2155765966765602
DMTF1,-0.166588986383195
TMEM243,-0.2352765182864281
ABCB1,-0.2449935927449465
DBF4,-0.1235756792162875
SRI,0.2931906220380642
AKAP9,-0.1342448258153816
ANKIB1,-0.1271094177209307
FAM133B,-0.1816395784217141
SLC25A13,-0.1497255244672187
LMTK2,-0.1367193374019514
TECPR1,-0.2825896347696134
TRRAP,-0.1285582885760859
ARPC1B,0.1804079566310668
ATP5MF,0.1251813727106005
ZKSCAN1,-0.1298203767508347
COPS6,0.1856423600896067
TSC22D4,0.2327221295835233
AGFG2,0.2183141623186319
MOSPD3,0.2392073150243064
GNB2,0.1572676160503748
TRIM56,-0.1018345472803499
ZNHIT1,0.1313167140491448
FIS1,-0.1160519183475132
POLR2J,0.1498548360190919
RASA4,-0.1570454225938855
PSMC2,0.1299814401123308
SRPK2,-0.1681315285072694
CBLL1,-0.1059417760762137
NRCAM,-0.414222141663619
PNPLA8,-0.1130567857846774
LRRN3,-0.4383225798792739
TMEM168,-0.1314443270431586
ING3,-0.1463386786430833
ZNF800,-0.1972031555660385
ARF5,0.1237689625352102
IMPDH1,0.1378835903004774
ATP6V1F,0.1758308225901766
TSPAN33,-0.1789517541541613
UBE2H,-0.1368664299616153
MKLN1,-0.1643129181984597
STMP1,-0.1139658273433679
ZC3HAV1,-0.2078492977731332
HIPK2,-0.2996443037942176
KDM7A,-0.2017605531875849
MKRN1,0.1125938703397288
BRAF,-0.1325284945768623
MRPS33,0.1651319500583559
EPHB6,-0.1148165817976603
GSTK1,0.3744139108238326
ZYX,0.120824757850928
CUL1,-0.1274943596447019
GIMAP8,-0.1475609500657672
GIMAP4,0.1446678446094801
GIMAP6,-0.1220739931148045
TMUB1,0.1107816861396312
WDR86,0.114041246014906
RHEB,0.1395808890033439
KMT2C,-0.1130989170717396
RBM33,-0.2067848752169138
ESYT2,-0.1500932559785402
MCPH1,-0.1307836853956508
AGPAT5,-0.3015697177373452
PRAG1,-0.1542422166978891
TNKS,-0.1391066749040692
FDFT1,0.1724100457017989
CNOT7,-0.1144365571063571
CSGALNACT1,-0.1626325128101309
INTS10,-0.1478675896103949
DOK2,0.2527852423777811
DMTN,0.3111671061601788
PDLIM2,0.107553653479887
CHMP7,-0.2991238417316081
ENTPD4,-0.1763414722219575
NEFL,0.3689599039404783
BNIP3L,-0.2408718992118023
PTK2B,-0.1947900791945479
EPHX2,-0.1735255907608294
CLU,0.1663945116630788
NUGGC,0.1824179446070098
DUSP4,0.1691410935531019
SARAF,-0.1628990209352619
WRN,-0.1581656805718647
PLPP5,0.2433525210921759
NSD3,0.1326018792423232
ANK1,-0.1471077400341993
KAT6A,-0.1675429301164494
AP3M2,0.1473898974599041
VDAC3,0.1234694635523437
SMIM19,0.1371709267776325
HGSNAT,-0.111646236204833
SPIDR,-0.1016610286195854
PRKDC,-0.1151449937814993
RB1CC1,-0.1555741225723897
PLAG1,-0.2380778531534659
TOX,-0.2180428259694623
CHD7,-0.182375451613835
YTHDF3,-0.1794633604523302
PDE7A,-0.2724613266023839
ARFGEF1,-0.1348210921303324
NCOA2,-0.1115882362190978
TRAM1,0.2366785430180913
MSC,0.2021689509079632
ELOC,0.1620010769967688
LY96,0.2118879586482923
ZC2HC1A,0.1766239100067554
TPD52,0.1740104341780275
GEM,-0.1229337362434355
TP53INP1,-0.1312040141800293
RPL30,-0.1166725154365107
VPS13B,-0.1225475017042757
POLR2K,0.1264858980939796
PABPC1,-0.1102399561763178
NCALD,-0.230154356055664
UBR5,-0.1324602557350994
AZIN1,-0.1292870184893597
SLC25A32,-0.1139340335899596
OXR1,-0.151222879202459
EIF3E,-0.1102038582512044
TRPS1,-0.1353748079123803
EIF3H,-0.1109587225684167
ENPP2,-0.1191332590165368
ZHX2,-0.1465333898167914
NDUFB9,0.1300657682382323
ASAP1,-0.1535046664256761
EFR3A,-0.1096026406579781
PHF20L1,-0.1565290205658983
ST3GAL1,-0.1081602359396729
PTK2,-0.1878328958940293
LY6E,0.1647053965945889
GSDMD,0.1463363909633966
EEF1D,0.1315386190178596
GRINA,-0.1846381040640369
SLC52A2,0.1055816854454669
SMARCA2,-0.1448651943563706
RFX3,-0.1120233974262182
RIC1,-0.2148401647446743
UHRF2,-0.1051938080480562
KDM4C,-0.1149965005760456
DMAC1,0.1607677535459862
TTC39B,-0.1386050321772594
DENND4C,-0.108548356739388
RPS6,-0.1353920000675234
MLLT3,-0.2061632060861867
HACD4,0.1527975209355936
CDKN2A,0.3190669181884618
NDUFB6,0.119895277175603
CHMP5,0.1304552672406687
AQP3,0.1365789758133482
UBAP1,-0.1048957361960701
DCTN3,0.1547845333135667
SIGMAR1,0.2085629033643911
GALT,0.1079563162678376
SIT1,0.2368448311091994
CCDC107,0.1841056943564089
HINT2,0.1841220906117436
GLIPR2,0.3327373803327225
CLTA,0.1159904964754418
RNF38,-0.1093562841392934
ZCCHC7,-0.1262216455699816
SMC5,-0.1173822552528936
CEMIP2,-0.2183163336381096
ANXA1,0.3165396009243279
NMRK1,0.1308190646000809
OSTF1,0.1540117087363131
PCSK5,-0.2009098920377373
VPS13A,-0.1350855135365484
AGTPBP1,-0.2122011380729091
SECISBP2,-0.1369402164337094
SEMA4D,-0.1863048177957387
FGD3,-0.1979761068535996
CARD19,0.1907491160166139
ERCC6L2,-0.1189449537943559
PRXL2C,0.2170881815461425
ANP32B,-0.2636435546064944
SEC61B,0.2426817161218706
ERP44,0.1378414787762808
RAD23B,-0.1082595319253909
TMEM245,-0.1493598831461081
TXN,0.2626043411872296
POLE3,-0.1112068399381333
AKNA,-0.2038449165206946
CDK5RAP2,-0.1399594653101912
RC3H2,-0.1287786305351938
NEK6,0.1273440190049755
ARPC5L,0.1467306017041693
SCAI,-0.2501278638418876
GAPVD1,-0.1806816166823083
MAPKAP1,-0.1527386995160609
SET,-0.1104840660059065
FNBP1,-0.1206754409024306
NUP214,-0.1441235259887813
PRRC2B,-0.1090835746433184
SURF4,0.1482150103894214
AGPAT2,0.209835325883584
PHPT1,0.318956465438161
FBXW5,0.1531180233712829
FUT7,0.1726074358855076
NPDC1,0.2219768588295745
DPP7,0.2134550779240927
SSNA1,0.1513141850853027
MRPL41,0.1551437259303839
EHMT1,-0.1538388080195017
LARP4B,-0.1305924236035336
PFKP,0.1572209685461604
KLF6,0.262350206271829
NET1,-0.1364758318445831
TASOR2,-0.154555500050505
IL15RA,0.2161160465275642
IL2RA,0.3661846666136583
RBM17,-0.1232736463223677
PFKFB3,-0.1866345220252447
SFMBT2,-0.1121382337085348
GATA3,0.272856338686296
CELF2,-0.2556356764938425
CAMK1D,-0.2086318205162187
RSU1,0.1272857381775748
HACD1,0.2471169592149964
STAM,0.1082772052730247
DNAJC1,0.2321101209388022
ABI1,-0.1481147364817019
ANKRD26,-0.1143947366344505
MPP7,-0.2021507907434709
WAC,-0.1510138727629191
ZEB1,-0.1652262204783312
EPC1,-0.1585288384010793
ITGB1,0.2463253504869695
CCNY,-0.144492497661977
CSGALNACT2,-0.1380835969403006
RASGEF1A,0.1494187568835807
HNRNPF,0.1579867529062033
ZNF22,-0.2766053676070909
MAPK8,-0.2208686850057843
ARID5B,0.2165925687353909
JMJD1C,-0.1722231294409648
REEP3,0.1895475670810439
SIRT1,-0.1476254168078778
CCAR1,-0.1245728560399368
DDX21,-0.1101145951679585
SRGN,0.1134615207387936
SUPV3L1,-0.1183137905952586
TSPAN15,0.1153415288533495
PCBD1,0.3511485336789257
VSIR,-0.1465479010840739
DNAJC9,0.1047114786921044
ANXA7,0.2064334262071169
KAT6B,-0.1650090623100391
VDAC2,0.186830362798831
COMTD1,0.2610322348051187
RPS24,-0.4027094255139978
ZMIZ1,-0.1362541075402374
ANXA11,0.1022728037410357
TSPAN14,-0.2525538211071365
GHITM,0.1792916968586776
WAPL,-0.1723760845980237
BMPR1A,0.1334954490206565
PTEN,-0.1873112274481462
FAS,0.2707906749751494
TNKS2,-0.1026758872128557
BTAF1,-0.162168749294619
TM9SF3,-0.1328466727769061
LCOR,-0.1406661060939992
FRAT1,-0.1109354584881849
FRAT2,-0.1227808092836712
RRP12,-0.1652633037017809
PGAM1,0.2070686073539495
BLOC1S2,0.1333511716228962
NDUFB8,0.1917149401078162
CUEDC2,0.126432418778916
CALHM2,0.1527184565112563
STN1,0.259387889698827
GSTO1,0.145789289664395
ITPRIP,-0.2640789940757694
ADD3,-0.1606897285932178
PDCD4,-0.2125253768454898
ACSL5,0.1172913798067528
ABLIM1,-0.3406804708759796
PDZD8,-0.1342631453765145
DENND10,0.2129581124137963
PRDX3,0.1517167823972249
RGS10,-0.3381295506194877
PLEKHA1,-0.1760883395961837
IKZF5,-0.1669208973862684
BUB3,0.1793528352431991
EDRF1,-0.1581919908703518
FANK1,0.1165720336343253
GLRX3,0.1042356685527805
PPP2R2D,-0.1318185118754701
ADAM8,0.1977828728812801
ECHS1,0.147069071857483
PGGHG,-0.1296681355983176
IFITM2,0.1682997209229056
RNH1,0.1054048208143052
EPS8L2,0.2088894203822134
TALDO1,0.183887932844994
RPLP2,-0.1469302832651575
CTSD,-0.1982973884072719
LSP1,0.1599133558573989
MRPL23,0.1412601142120657
NUP98,-0.1382916534492794
RHOG,0.1034474822619613
SMPD1,-0.1470574088046827
APBB1,-0.1903985688255618
ILK,0.1877686140551427
RIC3,0.1427627017397052
TMEM9B,0.2431919687573811
TMEM41B,-0.225673675420428
WEE1,0.1619063659297549
EIF4G2,-0.1389329361318811
USP47,-0.1024245216257319
PDE3B,-0.15305126820504
NUCB2,-0.3961034403785431
LDHA,0.1883675079766981
SPTY2D1,-0.182585140698464
CD59,0.1528334647511018
CAPRIN1,-0.1071090789551519
TRIM44,-0.202480710894454
TTC17,-0.1370500940901764
CD82,0.2305811343131137
DGKZ,-0.1069088551785534
ARFGAP2,-0.1148894747156806
CELF1,-0.1761474924744381
NDUFS3,0.1194374264309734
FNBP4,-0.1094330805249809
FAM111A,-0.161616917108697
PTGDR2,0.1221341656801098
BEST1,-0.1259210269189531
EEF1G,-0.114316441640236
TMEM179B,0.1634479473919662
SLC3A2,0.1167617809553421
PLAAT4,0.2293452104826793
PLAAT3,0.2018916161299302
COX8A,0.2386132200741749
OTUB1,0.1207488173513016
FERMT3,0.1859949807141356
FKBP2,0.1442199140586089
BAD,0.2162536546779037
TRMT112,0.2082851023951255
PRDX5,0.1842764368901109
RASGRP2,-0.2422179716240213
SF1,-0.1417336156907103
VPS51,-0.131349137840067
CAPN1,0.1390801689627706
SLC25A45,-0.2099708281546325
FAM89B,0.1826933760777184
CFL1,0.2383118772341182
CTSW,0.1547341046277935
DRAP1,0.1401848445124955
PACS1,-0.2191887491433951
YIF1A,0.1704827132612006
BRMS1,0.101240628658696
MRPL11,0.1065790284128391
PPP1CA,0.2144431989479387
CORO1B,0.2702627528520481
AIP,0.1067847032629553
CDK2AP2,0.1493814455173361
CHKA,-0.2140480834220607
PPP6R3,-0.1217426879571043
NUMA1,-0.1443596021542263
LAMTOR1,0.1205467178415235
FCHSD2,-0.1233539777645611
PLEKHB1,0.1574176426035732
SPCS2,0.2123010914818447
GDPD5,0.1420305450798535
RSF1,-0.1063945447935629
NDUFC2,0.2056300179558171
RAB30,-0.1970959757975517
PCF11,-0.1139658032366184
CCDC90B,0.1623602936278939
CREBZF,-0.1092452076128648
SYTL2,-0.1162200038537899
HIKESHI,0.1505341842018955
FAM76B,-0.1200686314309174
MAML2,-0.3022891908913892
TMEM123,-0.1375093744415763
CASP4,0.2152492355823273
CASP1,0.386772223971336
NPAT,-0.1612003754504304
ATM,-0.261849514725419
SIK2,-0.1444436935366734
SDHD,0.1401001710462272
ZBTB16,-0.1337347314293307
REXO2,0.1246426094139642
SIK3,-0.1571510596558691
JAML,-0.1994701155695632
CD3G,-0.1960952026815387
DDX6,-0.1892030317776022
CXCR5,-0.1772758123702545
BCL9L,-0.2484546850830592
RPS25,-0.1303490575025673
CBL,-0.2227497001584661
SC5D,-0.1372667777776375
UBASH3B,-0.1785508531294096
HSPA8,0.1020209791634948
GRAMD1B,-0.1814815830820301
TBRG1,-0.1029323949751704
DCPS,0.1990434209835405
ETS1,-0.2360042189251091
ARHGAP32,-0.2683028671255015
ZBTB44,-0.1738602953464936
KDM5A,-0.1527356151799534
NINJ2,0.2063480889927411
ERC1,-0.1556529559524911
ITFG2,-0.2035786441117421
NDUFA9,0.1585869867889981
CD9,-0.1962561879945897
MRPL51,0.1198611003033203
GAPDH,0.2977717659637001
LAG3,0.1672792789283572
TPI1,0.3242803320589311
C12orf57,-0.1850376369578715
CLSTN3,0.107743528708135
M6PR,0.1592945802096115
PZP,-0.1358262617508893
YBX3,-0.1001509874761922
CREBL2,0.1139962547966033
ATF7IP,-0.1337600219214914
WBP11,-0.1237089244349534
RECQL,0.133810845333017
CMAS,0.2083318618745167
ST8SIA1,0.1559428064710801
C2CD5,-0.1045540709424248
ITPR2,-0.1657178592114731
FGFR1OP2,0.137254636248729
MRPS35,-0.1083123172191796
RESF1,-0.1215151916785463
DNM1L,-0.1601266364262674
KIF21A,0.1580151667596677
ZCRB1,0.1325359172274986
NELL2,-0.1035685095672046
ANO6,-0.1093292743701399
SLC38A1,-0.1789283349575496
HDAC7,-0.1768211042387867
KANSL2,-0.1614074887767508
CCNT1,-0.1641876680155571
TUBA1B,0.1328230128284465
TUBA1C,0.1753196418241798
TMBIM6,0.1868022094827821
COX14,0.2693096845373905
DIP2B,-0.2281191426310498
LETMD1,0.1034344096735561
CELA1,-0.1585498593669111
KRT73,-0.138986854408016
EIF4B,-0.1356712320994473
PFDN5,0.1513744066533325
PRR13,0.3233808734709006
HNRNPA1,-0.1896961413027786
COPZ1,0.1164909110458427
BLOC1S1,0.2363908393410091
CD63,0.3445638582494809
SARNP,0.2108712136133977
ORMDL2,0.1635700443935938
PYM1,0.107647431296205
DGKA,-0.1635747145235455
RPL41,0.2287222189741746
MYL6,0.2276606808267104
NABP2,0.2493525981405678
CNPY2,0.1734883191479297
ATP5F1B,0.1090474412146314
PTGES3,0.2114498328892111
NACA,-0.1460652278707863
DCTN2,0.1504424013644224
CTDSP2,-0.1414928034589851
USP15,-0.2181500147686543
MON2,-0.1546498204504913
TBK1,0.197883299798411
LEMD3,-0.1910771715523219
TMBIM4,0.2119313168701191
CAND1,-0.162451899861545
DYRK2,-0.24801102639135
IFNG,0.1626377425946461
RAP1B,-0.1838868981913268
MDM2,-0.1119760579901539
CPSF6,-0.1196211045247122
CCT2,-0.1566581543212393
CNOT2,-0.1598189077662224
TBC1D15,-0.1364335980341977
ATXN7L3B,-0.2422044071440943
GLIPR1,0.1983819531786223
KRR1,-0.1169704532708496
OSBPL8,-0.1478566314031278
EEA1,-0.25757132915164
NUDT4,-0.2231258739374435
UBE2N,0.1299291389923942
SOCS2,0.1993422155067203
CDK17,-0.1710138303641681
TMPO,-0.1162127064261646
ANKS1B,0.159426647147839
ACTR6,0.1098331726530365
C12orf42,-0.2562857233664036
HSP90B1,0.1264691609919361
CHST11,0.1330781981258876
C12orf75,0.111170915495726
TCP11L2,-0.1138465180286332
TMEM263,-0.3084224425116155
ISCU,0.225000672206745
ARPC3,0.2412740567248499
VPS29,0.1778935078197384
ATXN2,-0.1136477308344239
TMEM116,0.1694296634149398
ERP29,0.1732998493773137
HECTD4,-0.1074539357866515
PTPN11,-0.1465449473748725
SLC8B1,-0.2483569804089417
RBM19,-0.1783364103276358
MED13L,-0.1928651038201725
TESC,0.1482504780056264
PEBP1,0.2226070046370238
COX6A1,0.2354597296443442
SRSF9,0.1312024381830084
DYNLL1,0.1909182737755835
RNF10,-0.1111086509601551
OASL,0.1224867802194594
P2RX4,-0.1422740330255889
SETD1B,-0.221328172438509
PSMD9,0.1658552854175491
BCL7A,-0.3369351886529608
MLXIP,-0.3120038014477467
VPS33A,0.1037018081325611
DENR,-0.201320215701912
HIP1R,-0.2482235330100142
PITPNM2,-0.2394925090189989
MPHOSPH9,-0.1748303279121358
TMED2,0.1960853323132293
UBC,0.1551815895451985
RAN,0.2200718631423049
SFSWAP,-0.1202598773261587
ZNF10,-0.1357271374916129
PSPC1,-0.1301751049462931
ZMYM2,-0.1236590507010286
SAP18,0.1008026675106779
MRPL57,0.1917741377185758
ZDHHC20,-0.1182727783803383
MTMR6,-0.1378481596783297
NUP58,-0.163650568399409
USP12,-0.1073697046128488
MTIF3,0.1037023386020782
POMP,0.1578672081829895
KATNAL1,0.1547231882062145
ALOX5AP,0.3408960754201128
HSPH1,-0.1184972406717042
NBEA,-0.3338563354206181
FOXO1,-0.2373590204690671
NAA16,-0.3752082265838055
VWA8,-0.1155316997908536
AKAP11,-0.1271054170579904
TPT1,-0.1413619103058904
COG3,-0.1011647609352973
ESD,0.1142724751562144
LPAR6,0.2956154491241716
RCBTB2,0.3346228343804173
RNASEH2B,0.1210667977242509
WDFY2,-0.1589251630917374
DHRS12,0.1032731101252832
DACH1,-0.3448493643228396
DIS3,-0.1110926143667702
PIBF1,-0.1424664720077442
KLF12,-0.1395131037555004
TBC1D4,-0.1619528278514522
COMMD6,0.1066557034876582
LMO7,-0.2436364091026495
MYCBP2,-0.1319966088856164
RBM26,-0.1856329649217319
GPR183,0.1831777672262666
TPP2,-0.2979608854855122
ERCC5,-0.1493149915871038
ARGLU1,-0.2025466462682822
ARHGEF7,-0.2194047007550748
RASA3,-0.1288725891096165
APEX1,-0.124546394320443
CHD8,-0.141199805984737
DAD1,0.182720812863118
LRP10,0.1294426349585641
RBM23,-0.119703918671134
ACIN1,-0.1596920637530006
C14orf119,0.1260788260952295
PSME1,0.2238088842635781
PSME2,0.20307370349789
CHMP4A,0.1737847620244441
NEDD8,0.2485014889891087
GMPR2,0.1505230012072145
TINF2,0.1026044477491484
SDR39U1,-0.1484739956696338
HECTD1,-0.149329950223751
NUBPL,-0.1382167977876033
EGLN3,0.1731551971826267
RALGAPA1,-0.155225376741592
PNN,-0.2050249926281424
FBXO33,-0.1163109030175916
RPL36AL,0.1977306686644002
MGAT2,0.1389286129314467
DNAAF2,0.1525064651840211
KLHDC2,0.1141591684586363
ARF6,0.1948523930344758
NIN,-0.1805818680296565
RTRAF,0.1890803877995641
PTGER2,0.3504829017196009
ERO1A,0.1056543265145645
DDHD1,-0.1300680742374449
CGRRF1,0.1470908474393459
LGALS3,0.2471261830122864
ATG14,-0.139968355261998
PELI2,-0.1426377329068558
TIMM9,-0.1409000658612904
PCNX4,-0.1713713727108833
DHRS7,0.3507813036449018
PRKCH,-0.1668584549432935
HIF1A,-0.265603316762777
ZBTB1,-0.127284032647638
HSPA2,-0.10180622756074
ZFP36L1,-0.1122963962924904
ACTN1,-0.3772918342797239
ERH,0.1761950083444357
COX16,0.1230818869697329
SIPA1L1,-0.1206608027464324
RBM25,-0.1377167094162629
ZNF410,-0.1284513759022517
NPC2,0.2439533334123535
YLPM1,-0.1629085282718132
ACYP1,0.2251999396386642
NEK9,-0.1409452791384831
TMED10,0.1197507422014447
BATF,0.2085405046496176
ERG28,0.1445692054796722
GPR65,0.1016224661208925
FOXN3,-0.17617637354633
CALM1,0.1277313615724799
CCDC88C,-0.1460651273501731
PPP4R3A,-0.1352725452743724
TC2N,-0.1768515525467513
FBLN5,0.1340011734117632
RIN3,-0.236163127867207
MOAP1,-0.1819098165760518
IFI27L2,0.1854539112030128
DICER1,-0.1889048463825657
BCL11B,-0.2286849166086539
PPP2R5C,0.1169316939754447
RCOR1,-0.1569984727747545
EIF5,-0.1099365317732664
CRIP2,0.3286896493148273
CRIP1,0.2957116804686034
CYFIP1,0.1027654875171751
UBE3A,-0.1058366512373539
HERC2,-0.161698901675159
APBA2,-0.3041322394055207
KLF13,-0.1312501279733585
EMC7,0.2058641852765181
EMC4,0.1976642535975656
SLC12A6,-0.2061294866383786
LPCAT4,0.1688899538212137
GOLGA8B,-0.1163516771716717
RASGRP1,-0.1121709524619673
SRP14,0.1508046288903206
MGA,-0.1319592607432996
CCNDBP1,0.2261332777809015
PDIA3,0.1274715717188987
SERF2,0.1450750882389418
CTDSPL2,-0.1603250973769007
SPG11,-0.1070281281579557
B2M,0.3151011509828338
TRIM69,0.2126595351507477
SQOR,0.2174698828519762
DUT,0.1649717392805246
TRPM7,-0.1419180191461952
LYSMD2,0.2197301116965484
RAB27A,0.1122251265809765
TCF12,-0.199949001834767
ADAM10,-0.1582641994950248
SLTM,-0.1712477135414958
GTF2A2,0.1635766367954547
ANXA2,0.2988550831878396
RPS27L,0.3568648061623749
USP3,-0.1621614025558951
HERC1,-0.2113151836112615
CIAO2A,0.1652056875682175
ZNF609,-0.2188943145569032
DENND4A,-0.107046230112659
RAB11A,0.121194679159731
MAP2K1,0.1032057734352694
RPL4,-0.1381656458142877
C15orf61,0.1430244596878066
PKM,0.203941965234368
ARIH1,-0.1140108973507548
SCAMP2,0.1624644300341425
COX5A,0.2422108331374517
SIN3A,-0.1059872928500579
ETFA,0.1353492788860777
SCAPER,-0.110353964553204
PSTPIP1,0.1741826030233031
TSPAN3,-0.2244629284951891
IREB2,-0.1404498652264398
CTSH,0.1115405701026865
BCL2A1,0.1503871662176212
ZFAND6,0.1115531734276034
MESD,0.1369555777214033
IL16,-0.1280408717798049
RPS17,-0.1222940773254273
SEC11A,0.1492967122422206
ISG20,0.1477605188813786
IDH2,0.1055967284601346
CIB1,0.2950108778806055
CRTC3,-0.1706526634619313
CHD2,-0.176936072655214
IGF1R,-0.1770124554988262
MEF2A,-0.2617093359187434
SELENOS,0.1516681147566217
TM2D3,-0.1287718189737952
MPG,0.1711251082649919
LUC7L,-0.2288046551126169
STUB1,0.2508340325487602
UBE2I,0.1103231064912798
TSR3,0.1570500140266066
NME3,0.1612964716096319
MRPS34,0.1024011540324943
HAGH,0.2048545864302006
NDUFB10,0.2388285578030982
ELOB,0.1333571722803669
IL32,0.2866318205167036
ZNF75A,-0.2097356343861451
CREBBP,-0.1496868727197046
UBN1,-0.1314434338547419
ATF7IP2,-0.2436646036891618
RSL1D1,-0.1368512681996652
GSPT1,-0.1137343217322784
SNX29,-0.2559606133475458
RPS15A,-0.1770748988213706
ARL6IP1,0.1896682091047027
SMG1,-0.1372952548827491
KNOP1,-0.1096776337907639
THUMPD1,-0.1166997966846032
METTL9,-0.1087830791638027
NPIPB4,-0.1562971874872202
POLR3E,-0.12782826357385
CDR2,-0.1738267145009291
NPIPB5,-0.1224800385310027
NDUFAB1,0.1697126976783824
PRKCB,-0.1044074371269386
LCMT1,0.1782669517325502
IL21R,-0.1183397061115425
GTF3C1,-0.1330477785854977
XPO6,-0.1669843976162923
NFATC2IP,-0.1445502683716808
MVP,0.1895386047011857
TMEM219,0.2393844641791976
ALDOA,0.2528361258596846
PPP4C,0.1712205184189882
SEPTIN1,0.1140553565648902
DCTPP1,0.1323294659487386
SRCAP,-0.1590582906901695
VKORC1,0.1819984110567633
FUS,-0.1582836556157137
PYCARD,0.1926490559264443
PHKB,-0.1604247740329588
LONP2,-0.1251955499095842
N4BP1,-0.1544160639800107
TENT4B,-0.1417151677808343
NOD2,0.1178122649462141
CHD9,-0.1628951757914737
RBL2,-0.2525905503246867
CES1,0.1308539138208319
GNAO1,0.1298545515514921
HERPUD1,0.1179138023877472
CPNE2,0.1761751354567525
ARL2BP,0.1721055379800892
CIAPIN1,-0.1751132505417399
USB1,0.1572644443706761
CNOT1,-0.1030183650204713
CKLF,0.2947205884186596
CMTM3,0.1493444544372099
CIAO2B,0.2364165460004722
CBFB,0.1888662005099642
B3GNT9,0.161031494616534
TRADD,0.2681141960555288
FBXL8,0.1838580378239385
TMEM208,0.1069589073545989
PSMB10,0.1457673244216319
DPEP2,-0.1985133157124053
NFATC3,-0.1838665784476801
SLC7A6,-0.2769492051851657
ZFP90,-0.1375930863823999
CYB5B,0.156092159088575
NFAT5,-0.1482164454782466
AP1G1,-0.1277325735267819
IST1,-0.1383831064679
GLG1,-0.1874174428158753
GABARAPL2,0.2213875296291309
MAF,0.1908439788239189
CMC2,0.2143897596378708
MBTPS1,-0.1595388104904249
COTL1,0.1164080740504637
USP10,0.2750639757775696
COX4I1,-0.1448323034884338
MAP1LC3B,0.1798748351836731
CYBA,0.3239423902616457
RNF166,0.1251883232956346
APRT,0.1266210152751413
VPS53,-0.1497696556646925
GLOD4,0.1186354496651364
SMG6,-0.1261818637735823
METTL16,-0.1361596236826585
PAFAH1B1,-0.1352298162128745
P2RX1,-0.1263207280868317
ATP2A3,-0.1073024035951619
ZZEF1,-0.1408802745090747
PSMB6,0.1993400748451903
GP1BA,-0.1088698945270964
RNF167,0.172270896744464
PFN1,0.183276478808761
SPAG7,0.1575115303711624
RABEP1,-0.2253791653418335
NLRP1,-0.1432161298434962
TXNDC17,0.1100507997089199
C17orf49,0.1325868292109515
GABARAP,0.1963677130786457
TNFSF12,0.1959860132112826
NAA38,0.1756059851849196
CHD3,-0.1652155860072362
TRAPPC1,0.3149446579629958
TMEM107,0.1029435560248867
PIK3R5,-0.1469016882324082
STX8,0.2697906158519082
TMEM220,-0.2240445681035874
TTC19,-0.1131683873137129
UBB,0.1190047219631174
MPRIP,0.3193264833611701
SREBF1,-0.1063032579329322
TOM1L2,-0.1176214135006288
SDF2,0.1776905942169489
SUPT6H,-0.1350487120504859
TP53I13,0.2499934737066037
SSH2,-0.21223158279651
CPD,-0.1320329807688267
GOSR1,-0.1192025591849511
CRLF3,-0.2285647020061721
EVI2B,0.196289571279996
ZNF207,-0.1629335557296063
SLFN5,-0.1373117244973906
MMP28,-0.328919444454671
PSMB3,0.1521620322632842
RPL23,-0.2217544138595225
PLXDC1,-0.2964632771219042
RPL19,-0.1219698723010448
FBXL20,-0.1094861654596326
CDK12,-0.1556497484263698
MIEN1,0.1327319158591139
THRA,-0.1726674758457784
RARA,0.1229751548363767
CCR7,-0.2679191395083319
KRT10,0.1381813964668367
RAB5C,0.1824452742074249
RETREG3,-0.1327942517833903
CCR10,0.1934852158544213
EZH1,-0.1051652610828841
COA3,0.1172576771663065
RPL27,-0.2302718148018846
UBTF,-0.1335902867817605
GPATCH8,-0.1198149293059042
MAP3K14,0.1046267058839999
KANSL1,-0.1538441188830394
KAT7,-0.2042575440093223
LUC7L3,-0.1631736201070831
NOG,-0.332936798702236
MSI2,-0.1329782430750707
SUPT4H1,0.1588904872941015
SKA2,0.1220057083815228
YPEL2,-0.2425078994463315
CLTC,-0.1102618585383152
VMP1,0.1613967448647409
MED13,-0.1270393417646924
CYB561,0.1341504140472469
ACE,0.114505127695064
PSMC5,0.205174946741415
ICAM2,0.1548063829600199
PECAM1,-0.414906125497038
DDX5,-0.1232471493280057
CEP95,-0.1251354667689954
HELZ,-0.1402413627505757
PITPNC1,-0.330884138412677
NOL11,-0.1009293282330864
BPTF,-0.1206459764483493
AMZ2,0.1514851483990113
RPL38,-0.1680678777813946
TTYH2,0.1002943503316671
ATP5PD,0.2507353888448331
JPT1,0.2303165490959864
SUMO2,0.142123737524123
MRPS7,0.1015518045274626
GRB2,-0.1450754344199043
TSEN54,0.120648331094022
WBP2,0.2051682850754203
UBE2O,-0.1876711956145186
JMJD6,0.1085534056888454
SEPTIN9,-0.1579513437135172
TNRC6C,-0.1440805268057713
TMC6,-0.1039128184833813
TMC8,-0.2193455901378639
SYNGR2,0.1811383551287338
CYTH1,-0.2168454384034223
USP36,-0.1195744692018117
CBX4,-0.1110571369463787
RNF213,-0.1078671671871365
ENDOV,-0.1127183673736373
RPTOR,-0.1795468452439231
P4HB,0.1403844148636345
ARHGDIA,0.2195921733568516
ANAPC11,0.193612376403446
CD7,-0.1234394257457594
WDR45B,-0.1344833300781146
THOC1,-0.1390934501473036
ENOSF1,-0.1593607840776139
YES1,-0.2508515462765425
MYL12A,0.2706387284565291
MYL12B,0.3129374744993586
EPB41L3,-0.135493151614165
NDUFV2,0.2836092589488599
ANKRD12,0.162274114949488
LDLRAD4,-0.1453864450234831
RIOK3,-0.1025761216626383
TTC39C,0.2383381081781072
TAF4B,-0.1729040214476118
RNF125,-0.2278297473380794
RNF138,-0.2350872119317302
MAPRE2,-0.2360985523062067
ZNF24,-0.1076951776376652
RPRD1A,-0.2484535319818764
IER3IP1,0.1293292850746187
DYM,-0.1102240513814107
SMAD4,-0.1373605212202018
SEC11C,0.2584377260227918
LMAN1,0.1307521279337954
PMAIP1,0.1331220609414698
RELCH,-0.1304531986931467
ZNF407,-0.1567317356692719
ATP9B,-0.1405889766444634
NFATC1,-0.1102383718277865
TPGS1,0.1373902682069708
BSG,0.1785157832642278
PTBP1,-0.1576923574335985
CNN2,-0.1553896637732125
ARHGAP45,-0.2418163306550948
POLR2E,0.2002384652687802
GPX4,0.1851549685052254
ATP5F1D,0.1568498633644295
NDUFS7,0.164850410980392
RPS15,0.1537405668707004
UQCR11,0.1594190019544501
OAZ1,0.2262002202976563
MATK,-0.1329715266031521
TMIGD2,-0.259458916990598
MYDGF,0.2102294818015859
SAFB2,-0.1225061516174113
RPL36,0.1074891340387797
MICOS13,0.154005669880775
NDUFA11,0.1641816861597212
CD70,0.35626731398691
GPR108,0.1742667072483388
STXBP2,0.1103820816446498
MAP2K7,-0.1764243302571249
CD320,0.168799647561867
UBL5,0.1686972712039111
PIN1,0.2074927021788425
COL5A3,-0.1016658634482112
ICAM3,0.2140453013905494
CDKN2D,0.1825991317794678
SLC44A2,-0.1859277491667337
ILF3,-0.1771517552565943
ELOF1,0.1237990456847516
ZNF844,-0.1920680051551289
ZNF791,-0.1214136897427657
WDR83OS,0.1889060524304969
GET3,0.1054503698329302
PRDX2,0.3340895173131751
DNASE2,0.2074662526105716
RAD23A,0.1431409614671267
GADD45GIP1,0.1733985271247956
LYL1,0.163745406147091
C19orf53,0.2249782201922701
GIPC1,0.1536122719991622
NDUFB7,0.1802095951147517
RAB8A,0.119178269717227
HSH2D,-0.1094148641398812
FAM32A,-0.2550763699779911
BABAM1,0.1129881622260813
MRPL34,0.1435891375129229
DDA1,0.1684952767831061
BST2,0.1558675314122192
ARRDC2,-0.2089840263607077
IL12RB1,0.2042147036601251
SSBP4,0.1744121642185073
FKBP8,0.1605046966046568
UBA52,-0.1782696597791173
COPE,0.2036000350420003
NDUFA13,0.2007969053542194
ZNF506,-0.1691535446996311
ZNF430,-0.1269313393896352
ZNF431,-0.1935236093022382
ZNF708,-0.116877573373079
ZNF91,-0.143857238935671
ZNF507,-0.1472688081547366
PDCD5,0.1633363002625246
LSM14A,-0.1394555295536908
UBA2,-0.1044412242153702
GRAMD1A,-0.2102323006592591
FXYD1,0.2678934564238762
FXYD7,0.268190721770254
FXYD5,0.3734265166303574
LSR,0.3413594485588407
TMEM147,0.1678472365342393
COX6B1,0.1774381766402381
PSENEN,0.2189394601840955
HCST,0.2271058770132421
TYROBP,-0.1069781111035061
POLR2I,0.1066892637281488
TBCB,0.3055573860790829
PSMD8,0.2200660214007885
MAP4K1,0.217913147006494
ACTN4,0.205656002219978
ECH1,0.2041669940627551
MRPS12,0.148324239902861
RPS16,-0.2088627102674261
FBL,-0.243343152033936
PSMC4,0.1705049796955943
ZNF780B,-0.1010988208549037
SHKBP1,0.1687511661135016
RPS19,0.1752869597722224
CD79A,-0.3282260843856769
ARHGEF1,-0.208704947026466
RABAC1,0.2219786334690103
ETHE1,0.1052967053315678
CLPTM1,0.1178099667597475
TRAPPC6A,0.2233379301061288
PTGIR,-0.1546057075412457
SLC1A5,0.1108455669237009
TMEM160,0.1862430978334114
NAPA,0.1073213992288481
NOP53,-0.1193897790403666
SELENOW,0.1244961231208696
EMP3,0.3315334038036883
KDELR1,0.1730094131864863
NUCB1,0.1830100123981273
BAX,0.3781576639089662
FTL,0.1142762939574816
FLT3LG,0.1434607193047239
RPS11,-0.1216401350065562
FCGRT,-0.2687181903354948
NOSIP,-0.1965610696788113
NR1H2,0.1597999589889106
JOSD2,0.2679674836227969
CLEC11A,-0.4218395845416234
ETFB,0.2186088431675421
MBOAT7,0.139823424299987
LENG8,-0.1965957496276654
ZNF135,-0.2073535255382224
ZSCAN18,-0.1566264775139378
TRIM28,-0.1425636908129769
CHMP2A,0.239369893059426
FKBP1A,0.1382053380202001
NOP56,-0.1412176902035979
PTPRA,-0.1263544573773367
ITPA,0.1179679062232204
PRNP,0.2354964665053825
TMEM230,0.1124537621059697
PCNA,0.1148064752810827
CDS2,0.116953167694427
GPCPD1,-0.2034538586608557
PLCB1,-0.2179388254523993
DSTN,0.1243053354995884
DTD1,0.1244609199343356
RALGAPA2,-0.1822967442868483
XRN2,-0.1219384989351949
CST7,0.2454521638911655
APMAP,0.1235769117212651
EIF2S2,0.15273652285112
DYNLRB1,0.241272959475621
EDEM2,0.1435749278987779
ERGIC3,-0.2033959657870855
ROMO1,0.1116232502703673
RBM39,-0.158218653739062
PHF20,-0.1152094833264059
SCAND1,0.1415278755403749
DLGAP4,0.1341556274962604
RAB5IF,0.155630422079862
RPN2,0.1328780555513902
TOP1,-0.1753930580760976
PLCG1,-0.1935014001796919
CHD6,-0.2019937776676405
ADA,-0.1891528344973975
CTSA,0.2606630385094403
ZMYND8,-0.1739511706998077
NCOA3,-0.1848308580154821
ARFGEF2,-0.146811627036452
ZNFX1,-0.1028420973816178
SNAI1,-0.1004939251803549
UBE2V1,-0.169832941105415
CEBPB,0.1246025859553809
BCAS4,-0.1730767026631168
TSHZ2,0.3217875883782871
ZBP1,0.2752959768501042
STX16,-0.15719107963319
PRELID3B,0.1019392382464179
PSMA7,0.1585928328084834
ADRM1,0.2066647940678832
RPS21,-0.1369167688914003
DIDO1,-0.1759752640511154
PPDPF,0.1383497395405615
RGS19,0.1135248558286315
PCMTD2,-0.2107294873661373
SAMSN1,0.1403251334860012
NRIP1,-0.3063556200001097
USP25,-0.1123429746872688
USP16,-0.1032278158262359
SOD1,0.3847617017345969
EVA1C,0.1292031030944519
PAXBP1,-0.1821920164053086
SON,-0.1388054094455469
RUNX1,-0.2003884094829109
TTC3,-0.1591751528179472
DYRK1A,-0.1694455259312923
BRWD1,-0.141140217012001
ABCG1,-0.1296320598120725
PDE9A,-0.2768478913015737
SIK1,-0.1409461353009567
RRP1B,-0.1159021576693655
CSTB,0.2374038558800037
TRAPPC10,-0.1265307817085627
AIRE,0.2818328151647051
PFKL,0.1556802200581966
UBE2G2,-0.2072406438666213
PCBP3,-0.1080867348746306
PCNT,-0.1527266446326474
DIP2A,-0.2348670887178864
PRMT2,-0.2164869175541651
IL17RA,-0.221218655703445
ADA2,-0.1717785541568001
ATP6V1E1,0.1426033503006125
BID,0.1345173676199124
DGCR6L,0.1111466955768376
PI4KA,-0.1237553589562098
UBE2L3,0.2172982696116722
SDF2L1,0.1371221756021419
CHCHD10,0.111987709178419
MIF,0.176021073071435
DDT,0.1184789860397018
XBP1,0.3112360495003489
UQCR10,0.1750029787991751
OSM,0.1648791781580412
SEC14L2,-0.1889604815201551
TUG1,-0.1552310607103531
SELENOM,0.2954158856482913
PIK3IP1,-0.2789107787095586
SFI1,-0.1816143850066077
YWHAH,0.2436627484625651
NCF4,0.2188600266802456
MPST,0.1576049627593797
SH3BP1,0.1265668032241048
LGALS1,0.3511538135441251
POLR2F,0.1403441624103384
DDX17,-0.1410636269240797
APOBEC3C,0.2733420182009697
APOBEC3G,0.2246921031465763
APOBEC3H,0.2421349705703524
ATF4,-0.1365913968113815
TNRC6B,-0.218818088807834
MRTFA,-0.2357047759063598
ST13,-0.20671220098253
RBX1,0.1924655179609244
EP300,-0.1247906426433377
XRCC6,0.1085004175167221
SNU13,0.197721424812201
MEI1,0.2564182150849997
SREBF2,-0.1320076426390109
CENPM,0.1286741097676001
NDUFA6,0.2148813940691064
CYB5R3,0.1876652972893598
TSPO,0.4121254566179488
CRELD2,0.1056145253799042
PIM3,0.1268962718872855
TRABD,0.1269338813949605
LMF2,0.1205507317089692
TYMP,0.1404434164053213
AKAP17A,-0.246586265994586
CD99,0.2087942418188614
TBL1X,-0.1387480415978343
MSL3,-0.2384613787746757
TMSB4X,0.1327640743844857
RAB9A,0.1155007155150229
AP1S2,0.2039908704735847
SYAP1,-0.1340549565582389
SCML1,-0.3073869986586965
EIF1AX,-0.1004335632673326
CNKSR2,-0.2137899084109232
PRDX4,0.250799807080323
ACOT9,0.1011141355345909
SAT1,0.1683894865695776
EIF2S3,-0.1786699234058696
ZFX,-0.1254293278086211
DYNLT3,0.2340075917045792
MID1IP1,0.1254037205114023
ATP6AP2,0.1174896175573943
USP9X,-0.1211284269239508
DDX3X,-0.1390755691514956
KDM6A,-0.1027330006194077
CHST7,0.2045484096436693
NDUFB11,0.1993179234264324
USP11,-0.1524494480302331
TIMP1,0.3136873142331152
UXT,-0.1545632704252365
EBP,0.1968528141592467
WAS,0.1569175532752992
PCSK1N,0.3716137782748545
PIM2,0.1697775198805139
PLP2,0.4488240835242173
FOXP3,0.1685917899615793
KDM5C,-0.1335652613163757
SMC1A,-0.1666582052081486
MAGED2,0.1522193811892366
UBQLN2,0.118487720119088
EDA,0.4190665247836164
IGBP1,0.1220294292115827
PDZD11,0.1417273968728794
IL2RG,0.2119012298040891
NONO,-0.1892873820257927
OGT,-0.1595689277070258
CXCR3,0.2176555464603475
RLIM,-0.1681483776241835
COX7B,0.1591387009258002
PGK1,0.1144119322792349
CYSLTR1,0.3267846233136193
SH3BGRL,0.1542495217231462
ZMAT1,-0.1251686103910841
RADX,0.2071960173132723
AMMECR1,0.1003952531320187
DOCK11,-0.121227718314318
UBE2A,0.1071208164347138
SEPTIN6,-0.1885281914466705
NDUFA1,0.1571711943015181
CUL4B,-0.1351632200729505
THOC2,-0.1311523099672105
STAG2,-0.1685165907120077
SH2D1A,-0.137432492845103
SASH3,-0.1365064294818037
HPRT1,0.1672136151090121
FHL1,0.1181037299239058
BCAP31,0.2439177866169562
IDH3G,0.1430826804712068
SSR4,0.2375069829939463
ARHGAP4,-0.1420836129694701
NAA10,0.1422280511106969
FLNA,0.1138512157343288
RPL10,0.1449968359525779
ATP6AP1,0.1106504677273789
GDI1,0.171568908613657
FAM50A,0.1231852869467749
MPP1,-0.1672236007962009
